timestamp_s,frame,E_x_mm,E_y_mm
0.1082,13,-3.816,-208.177
0.1831,22,-1.867,-208.719
0.2248,27,-3.403,-208.582
0.2498,30,-4.223,-208.025
0.2663,32,-3.683,-208.865
0.2747,33,-4.223,-208.025
0.3080,37,-3.403,-208.582
0.3163,38,-3.403,-208.582
0.3330,40,-3.663,-207.743
0.3413,41,-3.403,-208.582
0.3496,42,-3.256,-207.893
0.3579,43,-3.816,-208.177
0.3912,47,-3.256,-207.893
0.3996,48,-3.403,-208.582
0.4162,50,-2.842,-208.297
0.4328,52,-3.663,-207.743
0.4494,54,-3.403,-208.582
0.4828,58,-3.256,-207.893
0.4994,60,-1.867,-208.719
0.5160,62,-3.813,-208.432
0.5327,64,-3.403,-208.582
0.5493,66,-3.253,-208.454
0.5910,71,-3.256,-207.893
0.5993,72,-3.256,-207.893
0.6077,73,-3.256,-207.893
0.6242,75,-3.256,-207.893
0.6409,77,-3.683,-208.865
0.6659,80,-3.816,-208.177
0.6909,83,-3.256,-207.893
0.6991,84,-3.403,-208.582
0.7074,85,-3.403,-208.582
0.7158,86,-3.403,-208.582
0.7241,87,-3.683,-208.865
0.7574,91,-3.687,-208.303
0.7658,92,-3.687,-208.303
0.7823,94,-3.403,-208.582
0.7990,96,-3.403,-208.582
0.8157,98,-3.683,-208.865
0.8490,102,-3.403,-208.582
0.8573,103,-3.403,-208.582
0.8739,105,-3.403,-208.582
0.8822,106,-3.403,-208.582
0.8989,108,-3.683,-208.865
0.9406,113,-3.403,-208.582
0.9488,114,-3.403,-208.582
0.9571,115,-3.683,-208.865
0.9738,117,-3.683,-208.865
0.9988,120,-3.256,-207.893
1.0320,124,-3.256,-207.893
1.0487,126,-3.403,-208.582
1.0653,128,-3.403,-208.582
1.0904,131,-4.068,-203.383
1.1152,134,-4.580,-193.205
1.1319,136,-3.507,-189.356
1.1485,138,-4.503,-188.295
1.1652,140,-4.029,-189.640
1.1818,142,-1.941,-194.699
1.2151,146,-2.168,-207.619
1.2235,147,-3.402,-208.887
1.2317,148,-4.366,-209.864
1.2484,150,-5.068,-210.586
1.2568,151,-4.095,-210.450
1.2650,152,-5.481,-209.618
1.3066,157,-5.360,-209.467
1.3234,159,-4.371,-208.768
1.3398,161,-3.814,-208.483
1.3483,162,-3.664,-208.050
1.3649,164,-4.349,-207.901
1.3899,167,-3.788,-208.458
1.4064,169,-4.753,-208.026
1.4148,170,-2.681,-207.362
1.4315,172,-2.825,-208.045
1.4481,174,-3.791,-207.619
1.4565,175,-4.349,-207.901
1.4814,178,-4.783,-208.308
1.4981,180,-3.816,-208.177
1.5147,182,-3.670,-207.212
1.5313,184,-4.777,-209.991
1.5480,186,-3.929,-210.289
1.5729,189,-2.844,-208.601
1.5897,191,-3.702,-206.926
1.6062,193,-3.831,-209.301
1.6312,196,-3.402,-208.887
1.6479,198,-3.680,-209.170
1.6812,202,-3.816,-208.177
1.6978,204,-5.033,-204.671
1.7228,207,-3.868,-194.533
1.7394,209,-3.484,-189.549
1.7810,214,-4.379,-188.240
1.7894,215,-3.273,-190.752
1.8059,217,-4.297,-201.162
1.8143,218,-1.811,-202.885
1.8310,220,-1.842,-207.914
1.8725,225,-3.360,-210.861
1.8893,227,-3.782,-211.017
1.9058,229,-3.797,-209.645
1.9308,232,-4.764,-211.724
1.9559,235,-3.232,-210.452
1.9724,237,-4.210,-209.476
1.9892,239,-3.369,-210.025
2.0057,241,-3.655,-209.448
2.0225,243,-2.678,-207.919
2.0558,247,-2.678,-207.919
2.0722,249,-3.357,-208.609
2.0890,251,-4.598,-208.738
2.1055,253,-2.672,-208.755
2.1388,257,-3.103,-208.326
2.1556,259,-3.781,-210.695
2.1639,260,-1.966,-211.115
2.1805,262,-5.444,-210.105
2.1972,264,-3.659,-208.889
2.2388,269,-3.388,-208.074
2.2554,271,-3.252,-208.757
2.2638,272,-4.221,-208.334
2.2804,274,-2.690,-209.031
2.2971,276,-3.806,-209.580
2.3303,280,-3.355,-198.799
2.3470,282,-3.428,-192.217
2.3553,283,-3.205,-189.508
2.3720,285,-5.156,-188.700
2.3887,287,-3.635,-190.132
2.4302,292,-1.829,-205.423
2.4469,294,-2.246,-208.904
2.4552,295,-2.246,-208.904
2.4719,297,-2.932,-211.544
2.4802,298,-4.042,-212.387
2.4886,299,-5.007,-211.422
2.5134,302,-3.910,-210.884
2.5384,305,-3.362,-210.322
2.5551,307,-3.362,-210.322
2.5718,309,-2.810,-210.037
2.5800,310,-3.774,-210.713
2.6217,315,-2.794,-210.018
2.6383,317,-4.316,-209.320
2.6550,319,-3.357,-208.911
2.6716,321,-3.212,-208.229
2.6882,323,-2.673,-209.054
2.7216,327,-4.747,-209.729
2.7382,329,-3.783,-209.320
2.7548,331,-2.128,-207.938
2.7631,332,-2.673,-209.054
2.7798,334,-2.238,-211.686
2.8131,338,-2.276,-208.363
2.8297,340,-2.814,-209.741
2.8463,342,-3.369,-210.025
2.8630,344,-2.806,-210.577
2.8880,347,-2.806,-210.577
2.9047,349,-3.778,-210.156
2.9213,351,0.673,-210.680
2.9379,353,17.069,-208.139
2.9629,356,10.451,-203.164
2.9962,360,-10.120,-203.682
3.0128,362,-19.392,-204.926
3.0211,363,-23.575,-205.820
3.0294,364,-25.002,-206.563
3.0461,366,-30.202,-212.257
3.0794,370,-32.467,-210.131
3.0960,372,-32.571,-211.694
3.1127,374,-29.444,-209.722
3.1293,376,-26.128,-209.893
3.1377,377,-24.062,-208.986
3.1710,381,-21.901,-210.697
3.1876,383,-20.026,-210.540
3.2042,385,-18.067,-211.625
3.2209,387,-16.016,-213.128
3.2459,390,-13.025,-211.243
3.2791,394,-8.495,-210.222
3.2958,396,-2.697,-209.092
3.3124,398,-0.331,-209.183
3.3291,400,1.485,-209.573
3.3374,401,3.142,-209.275
3.3790,406,7.043,-209.824
3.3872,407,7.581,-209.854
3.4040,409,9.929,-211.608
3.4205,411,12.268,-211.139
3.4373,413,15.366,-212.438
3.4706,417,19.591,-212.246
3.4871,419,23.404,-213.164
3.5039,421,25.300,-211.704
3.5204,423,26.491,-212.052
3.5621,428,23.307,-207.467
3.5705,429,16.668,-206.849
3.5869,431,9.829,-204.609
3.6038,433,0.939,-204.080
3.6202,435,-9.436,-204.282
3.6535,439,-28.261,-206.224
3.6703,441,-30.616,-209.239
3.6868,443,-30.783,-208.874
3.6952,444,-32.418,-209.773
3.7119,446,-29.764,-210.977
3.7451,450,-29.261,-211.310
3.7534,451,-26.431,-213.260
3.7784,454,-24.166,-211.374
3.7867,455,-23.744,-211.704
3.8117,458,-20.568,-211.734
3.8450,462,-13.809,-210.934
3.8617,464,-12.011,-210.745
3.8783,466,-9.088,-209.228
3.8949,468,-5.942,-209.898
3.9532,475,0.556,-211.952
3.9698,477,2.214,-211.146
3.9864,479,4.408,-209.238
4.0031,481,7.320,-210.454
4.0114,482,7.867,-211.836
4.0364,485,11.630,-213.016
4.0530,487,14.065,-211.029
4.0613,488,14.070,-211.857
4.0697,489,15.863,-211.932
4.0863,491,18.484,-211.984
4.1030,493,20.565,-212.990
4.1363,497,26.950,-211.688
4.1446,498,27.086,-211.087
4.1529,499,26.769,-211.396
4.1778,502,21.304,-208.361
4.1944,504,13.113,-205.295
4.2195,507,-3.989,-203.835
4.2361,509,-13.247,-204.497
4.2527,511,-19.127,-205.364
4.2694,513,-27.990,-205.924
4.2861,515,-29.253,-209.464
4.3193,519,-34.084,-212.582
4.3360,521,-31.603,-213.639
4.3443,522,-31.461,-214.156
4.3526,523,-31.497,-213.188
4.3692,525,-28.857,-215.256
4.4026,529,-25.968,-214.624
4.4275,532,-20.103,-215.797
4.4441,534,-19.108,-214.137
4.4524,535,-16.547,-214.263
4.4607,536,-14.350,-212.593
4.4858,539,-9.940,-211.737
4.5024,541,-6.924,-211.969
4.5190,543,-4.558,-210.997
4.5357,545,-2.760,-212.776
4.5523,547,-2.904,-213.162
4.5773,550,0.943,-214.855
4.5939,552,4.410,-213.357
4.6106,554,7.778,-214.167
4.6272,556,10.526,-214.127
4.6438,558,11.259,-215.380
4.6772,562,16.840,-214.586
4.6855,563,16.419,-214.785
4.6938,564,17.193,-216.594
4.7104,566,19.270,-214.602
4.7187,567,20.877,-215.838
4.7438,570,24.110,-214.756
4.7770,574,25.887,-212.530
4.7936,576,22.858,-211.889
4.8270,580,2.210,-206.640
4.8436,582,-8.208,-208.221
4.8769,586,-24.167,-209.722
4.8935,588,-28.985,-212.962
4.9019,589,-28.323,-214.074
4.9185,591,-30.516,-215.984
4.9351,593,-30.516,-217.656
4.9767,598,-28.464,-218.039
4.9934,600,-27.470,-218.534
5.0101,602,-24.619,-217.453
5.0267,604,-22.558,-218.036
5.0599,608,-16.562,-217.646
5.0767,610,-12.754,-216.194
5.0850,611,-11.691,-216.719
5.1099,614,-5.792,-214.772
5.1265,616,-4.278,-214.604
5.1599,620,0.000,-214.984
5.1765,622,2.476,-217.215
5.1931,624,4.541,-216.516
5.2014,625,6.944,-217.500
5.2431,630,13.093,-218.248
5.2597,632,14.913,-217.770
5.2764,634,16.291,-216.646
5.2847,635,17.555,-216.715
5.3180,639,23.221,-217.722
5.3430,642,26.965,-216.064
5.3596,644,28.718,-217.248
5.3679,645,29.854,-216.252
5.3845,647,29.910,-214.894
5.4094,650,19.658,-212.564
5.4179,651,16.197,-210.423
5.4345,653,7.550,-208.425
5.4511,655,-2.931,-209.079
5.4677,657,-12.988,-209.825
5.5094,662,-25.926,-214.876
5.5260,664,-28.343,-218.084
5.5427,666,-28.977,-218.571
5.5510,667,-29.846,-218.139
5.5676,669,-27.926,-218.987
5.5926,672,-24.530,-220.104
5.6093,674,-23.352,-219.312
5.6176,675,-22.799,-219.573
5.6259,676,-21.967,-220.101
5.6426,678,-20.100,-221.260
5.6509,679,-19.379,-220.266
5.6759,682,-15.012,-221.254
5.6925,684,-13.385,-220.335
5.7092,686,-11.112,-220.724
5.7258,688,-9.236,-219.009
5.7341,689,-6.544,-218.193
5.7424,690,-3.968,-217.205
5.7674,693,-0.385,-214.005
5.7841,695,3.044,-214.654
5.8007,697,3.853,-214.669
5.8257,700,5.091,-217.070
5.8423,702,6.230,-217.345
5.8839,707,5.795,-216.364
5.8922,708,7.198,-216.041
5.9006,709,8.286,-215.996
5.9172,711,6.364,-216.289
5.9255,712,7.722,-215.965
5.9339,713,6.377,-217.665
5.9671,717,7.315,-217.502
5.9838,719,7.705,-216.837
6.0004,721,8.650,-216.448
6.0171,723,8.774,-214.419
6.0337,725,5.106,-215.080
6.0753,730,-3.915,-200.607
6.0837,731,-2.081,-197.846
6.1003,733,-2.484,-198.977
6.1169,735,-3.036,-210.568
6.1419,738,-0.499,-217.731
6.1669,741,-1.469,-217.839
6.1835,743,-0.884,-218.114
6.2085,746,-1.851,-216.883
6.2251,748,-2.254,-217.859
6.2418,750,-1.838,-217.176
6.2667,753,-1.852,-217.734
6.2917,756,-2.832,-217.326
6.3084,758,-2.720,-218.589
6.3250,760,-1.877,-217.470
6.3416,762,-2.295,-216.224
6.3749,766,-2.282,-215.672
6.3916,768,-1.862,-216.911
6.4082,770,-3.245,-216.084
6.4249,772,-2.701,-215.806
6.4332,773,-1.304,-216.922
6.4665,777,-1.986,-218.440
6.4831,779,-0.033,-218.986
6.4998,781,-2.983,-218.897
6.5081,782,-1.729,-217.922
6.5164,783,-1.449,-218.195
6.5247,784,-2.438,-218.061
6.5663,789,-1.304,-218.312
6.5747,790,-1.315,-217.485
6.5913,792,-0.479,-216.909
6.5996,793,-1.450,-217.333
6.6163,795,-1.333,-216.914
6.6412,798,-3.439,-210.712
6.6579,800,-2.594,-204.074
6.6745,802,-1.472,-198.283
6.6912,804,-2.167,-197.819
6.7078,806,-1.425,-197.100
6.7328,809,-0.451,-206.589
6.7494,811,0.144,-213.462
6.7661,813,1.024,-216.459
6.7910,816,-0.884,-218.114
6.8077,818,-0.868,-217.826
6.8410,822,-2.641,-217.159
6.8493,823,-2.226,-218.121
6.8659,825,-3.337,-217.023
6.8826,827,-1.274,-218.260
6.8992,829,-2.822,-216.477
6.9159,831,-1.319,-217.432
6.9492,835,-0.783,-216.334
6.9658,837,-0.913,-217.307
6.9825,839,0.184,-216.187
6.9991,841,-0.352,-217.014
7.0407,846,-0.359,-216.468
7.0574,848,-1.193,-216.762
7.0740,850,-1.193,-216.762
7.0906,852,-1.601,-219.365
7.1073,854,-0.513,-217.987
7.1489,859,-0.201,-218.298
7.1655,861,-0.755,-217.719
7.1822,863,-2.425,-217.750
7.1988,865,-2.419,-218.300
7.2321,869,-1.451,-218.409
7.2488,871,-2.176,-215.256
7.2571,872,-2.603,-213.194
7.2654,873,-1.645,-208.661
7.2737,874,-1.503,-204.437
7.2904,876,-0.643,-199.474
7.3237,880,-2.264,-196.283
7.3403,882,-0.042,-199.465
7.3486,883,0.232,-206.232
7.3570,884,-1.095,-209.788
7.3736,886,0.172,-216.176
7.4152,891,-0.604,-218.039
7.4235,892,-1.559,-216.824
7.4402,894,-2.901,-217.110
7.4485,895,-1.276,-217.108
7.4735,898,-1.417,-216.423
7.4984,901,-1.276,-217.108
7.5151,903,-1.285,-216.568
7.5234,904,-1.431,-216.701
7.5400,906,-0.753,-217.112
7.5484,907,-0.753,-217.112
7.5733,910,-1.451,-216.439
7.6066,914,-0.226,-216.022
7.6233,916,-0.226,-216.022
7.6316,917,-0.350,-216.985
7.6566,920,-0.773,-216.852
7.6732,922,-0.920,-215.351
7.7148,927,-0.347,-218.906
7.7315,929,-0.897,-218.366
7.7481,931,0.052,-216.586
7.7647,933,-1.193,-215.917
7.8064,938,0.208,-216.992
7.8230,940,-1.303,-217.148
7.8396,942,-0.897,-216.721
7.8646,945,-1.872,-215.505
7.8979,949,-1.907,-205.417
7.9145,951,-0.545,-201.058
7.9395,954,-1.362,-196.154
7.9562,956,-0.773,-197.705
7.9978,961,0.693,-214.253
8.0144,963,1.113,-215.445
8.0227,964,-0.783,-216.271
8.0394,966,1.028,-217.998
8.0560,968,0.076,-217.325
8.0893,972,-0.474,-215.716
8.1060,974,-1.413,-216.131
8.1309,977,-0.454,-217.904
8.1476,979,-0.360,-215.856
8.1892,984,0.173,-215.581
8.1975,985,0.048,-216.265
8.2141,987,0.967,-214.767
8.2308,989,-0.374,-215.597
8.2558,992,-0.352,-216.687
8.2890,996,-0.352,-216.687
8.3057,998,-0.358,-216.147
8.3307,1001,-0.369,-215.338
8.3473,1003,0.167,-215.061
8.3723,1006,-0.922,-214.526
8.3972,1009,-1.318,-215.751
8.4139,1011,-0.358,-216.147
8.4305,1013,-1.855,-216.026
8.4388,1014,-1.313,-216.290
8.4805,1019,-0.225,-216.000
8.4971,1021,-0.225,-216.000
8.5137,1023,0.048,-216.265
8.5387,1026,0.048,-216.265
8.5720,1030,0.048,-216.265
8.5970,1033,-0.218,-216.538
8.6136,1035,-1.844,-216.003
8.6303,1037,-1.313,-215.462
8.6719,1042,-0.779,-215.189
8.6885,1044,0.048,-216.265
8.7052,1046,-0.225,-216.000
8.7301,1049,0.041,-215.727
8.7634,1053,-1.855,-216.026
8.7884,1056,-1.313,-216.290
8.8050,1058,-1.450,-215.607
8.8217,1060,-1.318,-215.751
8.8633,1065,-1.313,-216.290
8.8799,1067,-0.352,-216.687
8.8966,1069,-0.895,-216.424
8.9215,1072,0.041,-215.727
8.9465,1075,0.041,-215.727
8.9631,1077,0.048,-216.265
8.9798,1079,0.994,-215.847
8.9964,1081,0.048,-216.265
9.0131,1083,0.048,-216.265
9.0380,1086,0.048,-216.265
9.0547,1088,0.048,-216.265
9.0797,1091,0.048,-216.265
9.0963,1093,-0.218,-216.538
9.1129,1095,0.048,-216.265
9.1546,1100,0.048,-216.265
9.1712,1102,-0.225,-216.000
9.1795,1103,-0.225,-216.000
9.2045,1106,-0.494,-216.003
9.2211,1108,0.185,-216.410
9.2544,1112,-0.776,-216.015
9.2711,1114,-1.189,-214.798
9.2794,1115,-1.721,-215.341
9.3044,1118,-1.721,-215.341
9.3210,1120,-1.450,-215.607
9.3626,1125,-0.225,-216.000
9.3793,1127,0.048,-216.265
9.3959,1129,0.048,-216.265
9.4125,1131,0.048,-216.265
9.4292,1133,0.048,-216.265
9.4542,1136,0.994,-215.847
9.4708,1138,0.048,-216.265
9.4874,1140,0.994,-215.847
9.5041,1142,0.048,-216.265
9.5207,1144,0.048,-216.265
9.5623,1149,0.048,-216.265
9.5873,1152,0.048,-216.265
9.6040,1154,-0.225,-216.000
9.6206,1156,-0.225,-216.000
9.6539,1160,0.041,-215.727
9.6705,1162,0.041,-215.727
9.6872,1164,-0.225,-216.000
9.7038,1166,-0.225,-216.000
9.7205,1168,-0.235,-215.193
9.7538,1172,-0.225,-216.000
9.7621,1173,-0.225,-216.000
9.7870,1176,-1.318,-214.926
9.8037,1178,-1.318,-214.926
9.8203,1180,-1.318,-214.926
9.8536,1184,-0.779,-215.189
9.8703,1186,-0.779,-215.189
9.8869,1188,-0.779,-215.189
9.9119,1191,-0.779,-215.189
9.9285,1193,-1.313,-215.462
9.9618,1197,-0.779,-215.189
9.9701,1198,-0.779,-215.189
9.9785,1199,0.048,-216.265
10.0034,1202,0.048,-216.265
10.0117,1203,0.048,-216.265
10.0284,1205,0.048,-216.265
10.0534,1208,0.582,-215.989
10.0700,1210,0.048,-216.265
10.0950,1213,0.163,-214.777
10.1116,1215,-1.721,-215.341
10.1283,1217,-0.225,-216.000
10.1699,1222,-0.370,-215.052
10.1865,1224,-0.915,-215.333
10.2032,1226,-0.370,-215.052
10.2281,1229,-1.313,-215.462
10.2531,1232,-1.716,-215.879
10.2781,1235,0.041,-215.727
10.2947,1237,-1.313,-215.462
