step,time_ms,target_x_mm,target_y_mm,theta_A_deg,theta_B_deg,motor_A_shaft_deg,motor_B_shaft_deg,motor_A_shaft_deg_x100,motor_B_shaft_deg_x100
0,0.0,60.0,-200.0,-96.50955651986568,-18.93695079707621,-772.0764521589255,-151.4956063766097,-77207,-15149
1,5.0,59.98684100849073,-199.37172740349928,-96.63728815451064,-18.630112532226843,-773.0983052360851,-149.04090025781474,-77309,-14904
2,10.0,59.9473698059315,-198.74373038812402,-96.77428087274396,-18.329770531509283,-774.1942469819517,-146.63816425207426,-77419,-14663
3,15.0,59.88160370569629,-198.1162844141206,-96.9204813578051,-18.03610992064499,-775.3638508624408,-144.28887936515991,-77536,-14428
4,20.0,59.789571554970266,-197.48966470003054,-97.07583374845267,-17.74931888203572,-776.6066699876213,-141.99455105628576,-77660,-14199
5,25.0,59.6713137220964,-196.8641461019704,-97.24027974494173,-17.469588598978515,-777.9222379595338,-139.75670879182812,-77792,-13975
6,30.0,59.526882078868674,-196.24000299307087,-97.41375870973,-17.197113187377028,-779.31006967784,-137.57690549901622,-77931,-13757
7,35.0,59.3563399777793,-195.61750914312765,-97.59620776248688,-16.93208961429416,-780.7696620998951,-135.45671691435328,-78076,-13545
8,40.0,59.1597622242303,-194.99693759851692,-97.78756186901418,-16.6747176026729,-782.3004949521135,-133.3977408213832,-78230,-13339
9,45.0,58.93723504372132,-194.37856056242828,-97.9877539237185,-16.425199521533514,-783.902031389748,-131.4015961722681,-78390,-13140
10,50.0,58.68885604402834,-193.76264927546723,-98.19671482530889,-16.183740260938958,-785.5737186024711,-129.46992208751166,-78557,-12946
11,55.0,58.414734172389615,-193.14947389668032,-98.41437354542279,-15.950547091008742,-787.3149883633823,-127.60437672806994,-78731,-12760
12,60.0,58.114989667717865,-192.53930338505435,-98.64065718991327,-15.72582950425129,-789.1252575193062,-125.80663603401032,-78912,-12580
13,65.0,57.78975400785949,-191.93240538154203,-98.87549105255884,-15.509799040481168,-791.0039284204707,-124.07839232384934,-79100,-12407
14,70.0,57.439169851924035,-191.32904609166584,-99.11879866098369,-15.302669093586994,-792.9503892878695,-122.42135274869595,-79295,-12242
15,75.0,57.06339097770921,-190.72949016875157,-99.37050181460123,-15.104654699422248,-794.9640145168098,-120.83723759537799,-79496,-12083
16,80.0,56.662582214248864,-190.13400059784252,-99.63052061441753,-14.915972304103548,-797.0441649153403,-119.32777843282838,-79704,-11932
17,85.0,56.236919369513494,-189.54283858034555,-99.89877348455418,-14.73683951202108,-799.1901878764335,-117.89471609616864,-79919,-11789
18,90.0,55.78658915329509,-188.95626341945967,-100.17517718536922,-14.567474812894021,-801.4014174829538,-116.53979850315217,-80140,-11653
19,95.0,55.31178909531003,-188.3745324064369,-100.45964681807645,-14.408097287240572,-803.6771745446116,-115.26477829792458,-80367,-11526
20,100.0,54.812727458556054,-187.797900707726,-100.75209582077949,-14.25892628968054,-806.0167665662359,-114.07141031744432,-80601,-11407
21,105.0,54.28962314796117,-187.22662125304782,-101.05243595585557,-14.120181109545303,-808.4194876468446,-112.96144887636243,-80841,-11296
22,110.0,53.74270561436477,-186.66094462445218,-101.36057728863985,-13.992080608341414,-810.8846183091188,-111.93664486673131,-81088,-11193
23,115.0,53.172214753872886,-186.10111894640414,-101.6764281573762,-13.874842833695062,-813.4114252590095,-110.9987426695605,-81341,-11099
24,120.0,52.57840080263181,-185.54738977694853,-101.99989513441638,-13.768684609502575,-815.999161075331,-110.1494768760206,-81599,-11014
25,125.0,51.96152422706631,-185.0,-102.33088297866374,-13.673821102120549,-818.6470638293099,-109.39056881696439,-81864,-10939
26,130.0,51.321855609630404,-184.4591897188061,-102.66929457927326,-13.59046536255502,-821.354356634186,-108.72372290044017,-82135,-10872
27,135.0,50.65967553012091,-183.9251961506301,-103.01503089063442,-13.518827844750064,-824.1202471250754,-108.15062275800051,-82412,-10815
28,140.0,49.975274442605965,-183.3982535226997,-103.3679908586809,-13.459115900230083,-826.9439268694472,-107.67292720184066,-82694,-10767
29,145.0,49.26895254802224,-182.87859296946706,-103.7280713385873,-13.411533249524226,-829.8245707086984,-107.2922659961938,-82982,-10729
30,150.0,48.54101966249685,-182.3664424312258,-104.09516700393327,-13.376279430987097,-832.7613360314662,-107.01023544789678,-83276,-10701
31,155.0,47.791795081451774,-181.86202655412876,-104.46917024743497,-13.353549227833547,-835.7533619794798,-106.82839382266837,-83575,-10682
32,160.0,47.021607439550394,-181.3655665916507,-104.84997107336903,-13.343532074423404,-838.7997685869523,-106.74825659538723,-83879,-10674
33,165.0,46.23079456654735,-180.8772803075393,-105.2374569818383,-13.346411443064163,-841.8996558547065,-106.7712915445133,-84189,-10677
34,170.0,45.41970333910538,-180.39738188029685,-105.63151284506013,-13.362364212843929,-845.052102760481,-106.89891370275143,-84505,-10689
35,175.0,44.58868952864366,-179.92608180923426,-106.03202077588999,-13.391560022263748,-848.2561662071199,-107.13248017810999,-84825,-10713
36,180.0,43.738117645284696,-179.46358682213935,-106.43885998883101,-13.434160607704253,-851.5108799106481,-107.47328486163403,-85151,-10747
37,185.0,42.8683607779682,-179.01009978459905,-106.85190665382265,-13.490319130033193,-854.8152532305812,-107.92255304026554,-85481,-10792
38,190.0,41.97980043080193,-178.5658196110159,-107.27103374314827,-13.560179491938792,-858.1682699451861,-108.48143593551033,-85816,-10848
39,195.0,41.072826355721325,-178.13094117735767,-107.69611087185487,-13.643875648850711,-861.568886974839,-109.15100519080569,-86156,-10915
40,200.0,40.14783638153149,-177.70565523567817,-108.12700413213571,-13.741530916586452,-865.0160330570857,-109.93224733269162,-86501,-10993
41,205.0,39.20523623940633,-177.29014833044732,-108.56357592219216,-13.853257279130425,-868.5086073775373,-110.8260582330434,-86850,-11082
42,210.0,38.24543938492138,-176.88460271672633,-109.00568477016053,-13.97915470021108,-872.0454781612842,-111.83323760168864,-87204,-11183
43,215.0,37.268866816698626,-176.4891962802248,-109.4531851537674,-14.119310442584736,-875.6254812301391,-112.95448354067788,-87562,-11295
44,220.0,36.27594689174251,-176.10410245927412,-109.90592731645982,-14.273798399157613,-879.2474185316786,-114.1903871932609,-87924,-11419
45,225.0,35.26711513754839,-175.72949016875157,-110.36375708084482,-14.442678440275879,-882.9100566467586,-115.54142752220703,-88291,-11554
46,230.0,34.24281406106591,-175.36552372598888,-110.82651566036819,-14.625995781680643,-886.6121252829455,-117.00796625344515,-88661,-11700
47,235.0,33.20349295460065,-175.01236277869702,-111.29403947026142,-14.82378037775719,-890.3523157620914,-118.59024302205752,-89035,-11859
48,240.0,32.14960769873979,-174.67016223493954,-111.76615993888878,-15.036046344799926,-894.1292795111102,-120.28837075839941,-89412,-12028
49,245.0,31.08162056238782,-174.3390721951848,-112.2427033207339,-15.26279141906132,-897.9416265658712,-122.10233135249057,-89794,-12210
50,250.0,29.999999999999993,-174.01923788646684,-112.72349051237381,-15.503996454351011,-901.7879240989905,-124.03197163480809,-90178,-12403
51,255.0,28.90522044610292,-173.7107995986841,-113.20833687289719,-15.759624963895316,-905.6666949831775,-126.07699971116253,-90566,-12607
52,260.0,27.79776210719171,-173.41389262306356,-113.69705205033192,-16.02962271105739,-909.5764164026554,-128.2369816884591,-90957,-12823
53,265.0,26.67811075109565,-173.12864719281762,-114.18943981575237,-16.313917353345992,-913.5155185260189,-130.51133882676794,-91351,-13051
54,270.0,25.54675749390436,-172.85518842601942,-114.68529790683583,-16.612418143912834,-917.4823832546866,-132.89934515130267,-91748,-13289
55,275.0,24.404198584548013,-172.59363627072196,-115.18441788273097,-16.925015694446476,-921.4753430618478,-135.4001255555718,-92147,-13540
56,280.0,23.250935187126174,-172.344105452345,-115.68658499218277,-17.251581803021228,-925.4926799374622,-138.01265442416982,-92549,-13801
57,285.0,22.087473161080684,-172.10670542335245,-116.1915780569291,-17.59196935005047,-929.5326244554328,-140.73575480040375,-92953,-14073
58,290.0,20.914322839308916,-171.88154031524326,-116.69916937243846,-17.946012265031467,-933.5933549795077,-143.56809812025173,-93359,-14356
59,295.0,19.731998804314998,-171.66870889287557,-117.20912462809659,-18.31352556625285,-937.6729970247727,-146.5082045300228,-93767,-14650
60,300.0,18.541019662496847,-171.4683045111454,-117.72120284896566,-18.694305475078576,-941.7696227917253,-149.5544438006286,-94176,-14955
61,305.0,17.341907816668297,-171.280415074038,-118.23515636123443,-19.088129605821972,-945.8812508898754,-152.70503684657578,-94588,-15270
62,310.0,16.13518923691594,-171.10512299607026,-118.75073078344718,-19.494757231594306,-950.0058462675775,-155.95805785275445,-95000,-15595
63,315.0,14.921393229891285,-170.94250516614107,-119.2676650455409,-19.913929625860163,-954.1413203643272,-159.3114370068813,-95414,-15931
64,320.0,13.701052206639353,-170.7926329138052,-119.78569143763411,-20.345370478764963,-958.2855315010729,-162.7629638301197,-95828,-16276
65,325.0,12.474701449065567,-170.65557197798583,-120.30453569039396,-20.78878638662989,-962.4362855231517,-166.31029109303913,-96243,-16631
66,330.0,11.242878875143484,-170.53138247813934,-120.82391708866112,-21.243867412345303,-966.591336709289,-169.95093929876242,-96659,-16995
67,335.0,10.00612480296614,-170.42011888788485,-121.3435486198339,-21.710287713746496,-970.7483889586712,-173.68230170997197,-97074,-17368
68,340.0,8.7649817137447,-170.32183001111036,-121.86313715830418,-22.187706236433,-974.9050972664335,-177.501649891464,-97490,-17750
69,345.0,7.5199940138582555,-170.23655896056567,-122.382383686999,-22.675767466909456,-979.059069495992,-181.40613973527564,-97905,-18140
70,350.0,6.2717077960592205,-170.1643431389518,-122.90098355681523,-23.174102241384027,-983.2078684545219,-185.39281793107222,-98320,-18539
71,355.0,5.020670599938926,-170.10521422251486,-123.41862678444264,-23.682328605076325,-987.3490142755411,-189.4586288406106,-98734,-18945
72,360.0,3.767431171758812,-170.05919814715185,-123.93499838875377,-24.20005271645981,-991.4799871100302,-193.60042173167847,-99147,-19360
73,365.0,2.512539223751985,-170.02631509703426,-124.44977876560621,-24.726869790507745,-995.5982301248497,-197.81495832406196,-99559,-19781
74,370.0,1.256545193001423,-170.00657949575464,-124.96264410054923,-25.26236507472405,-999.7011528043938,-202.0989205977924,-99970,-20209
75,375.0,3.67394039744206e-15,-170.0,-125.47326681856772,-25.80611485153238,-1003.7861345485418,-206.44891881225905,-100378,-20644
76,380.0,-1.2565451930014022,-170.00657949575464,-125.98131606962637,-26.357687460462387,-1007.850528557011,-210.8614996836991,-100785,-21086
77,385.0,-2.5125392237519772,-170.02631509703426,-126.48645824840922,-26.916644333519457,-1011.8916659872738,-215.33315466815566,-101189,-21533
78,390.0,-3.767431171758791,-170.05919814715185,-126.988357546284,-27.482541037146007,-1015.906860370272,-219.86032829716805,-101590,-21986
79,395.0,-5.020670599938932,-170.10521422251486,-127.48667653316757,-28.05492831428201,-1019.8934122653405,-224.43942651425607,-101989,-22443
80,400.0,-6.2717077960592,-170.1643431389518,-127.98107676662796,-28.633353120199278,-1023.8486141330237,-229.06682496159422,-102384,-22906
81,405.0,-7.519994013858248,-170.23655896056567,-128.47121942524157,-29.217359646023272,-1027.7697554019326,-233.73887716818618,-102776,-23373
82,410.0,-8.764981713744678,-170.32183001111036,-128.95676596293083,-29.806490324150097,-1031.6541277034466,-238.45192259320078,-103165,-23845
83,415.0,-10.006124802966147,-170.42011888788485,-129.43737878074677,-30.400286810118992,-1035.4990302459742,-243.20229448095193,-103549,-24320
84,420.0,-11.242878875143475,-170.53138247813934,-129.91272191233426,-30.99829093589782,-1039.301775298674,-247.98632748718256,-103930,-24798
85,425.0,-12.474701449065561,-170.65557197798583,-130.38246171912937,-31.600045629976396,-1043.059693753035,-252.80036503981117,-104305,-25280
86,430.0,-13.701052206639334,-170.7926329138052,-130.8462675911941,-32.20509580012947,-1046.7701407295528,-257.64076640103576,-104677,-25764
87,435.0,-14.921393229891278,-170.94250516614107,-131.30381264949074,-32.8129891752034,-1050.430501195926,-262.5039134016272,-105043,-26250
88,440.0,-16.135189236915924,-171.10512299607026,-131.75477444534374,-33.42327710278532,-1054.03819556275,-267.38621682228256,-105403,-26738
89,445.0,-17.341907816668304,-171.280415074038,-132.198835652828,-34.03551530012666,-1057.590685222624,-272.2841224010133,-105759,-27228
90,450.0,-18.54101966249684,-171.4683045111454,-132.63568474986135,-34.649264556205736,-1061.0854779988908,-277.1941164496459,-106108,-27719
91,455.0,-19.73199880431499,-171.66870889287557,-133.0650166838632,-35.264091383319595,-1064.5201334709056,-282.11273106655676,-106452,-28211
92,460.0,-20.914322839308902,-171.88154031524326,-133.48653351797074,-35.87956861708641,-1067.892268143766,-287.0365489366913,-106789,-28703
93,465.0,-22.087473161080666,-172.10670542335245,-133.89994505397604,-36.49527596421439,-1071.1995604318083,-291.96220771371515,-107119,-29196
94,470.0,-23.250935187126178,-172.344105452345,-134.30496942835993,-37.11080049784085,-1074.4397554268794,-296.8864039827268,-107443,-29688
95,475.0,-24.404198584548016,-172.59363627072196,-134.70133367804416,-37.72573710066791,-1077.6106694243533,-301.80589680534325,-107761,-30180
96,480.0,-25.546757493904362,-172.85518842601942,-135.08877427276576,-38.339688856510804,-1080.710194182126,-306.71751085208643,-108071,-30671
97,485.0,-26.67811075109563,-173.1286471928176,-135.46703761128404,-38.95226739123252,-1083.7363008902723,-311.61813912986014,-108373,-31161
98,490.0,-27.79776210719169,-173.41389262306356,-135.83588047896157,-39.56309316435945,-1086.6870438316926,-316.5047453148756,-108668,-31650
99,495.0,-28.905220446102927,-173.7107995986841,-136.19507046461055,-40.171795712958925,-1089.5605637168844,-321.3743657036714,-108956,-32137
100,500.0,-30.000000000000014,-174.01923788646684,-136.54438633485694,-40.778013849607845,-1092.3550906788555,-326.22411079686276,-109235,-32622
101,505.0,-31.081620562387805,-174.3390721951848,-136.88361836464603,-41.381395816493836,-1095.0689469171682,-331.0511665319507,-109506,-33105
102,510.0,-32.149607698739786,-174.67016223493954,-137.21256862288558,-41.98159939786777,-1097.7005489830847,-335.85279518294215,-109770,-33585
103,515.0,-33.20349295460064,-175.01236277869702,-137.53105121259378,-42.578291993207664,-1100.2484097007502,-340.6263359456613,-110024,-34062
104,520.0,-34.24281406106589,-175.36552372598888,-137.8388924652846,-43.17115065356403,-1102.7111397222768,-345.3692052285122,-110271,-34536
105,525.0,-35.26711513754838,-175.72949016875157,-138.13593108967657,-43.75986208363458,-1105.0874487174126,-350.07889666907664,-110508,-35007
106,530.0,-36.27594689174249,-176.10410245927412,-138.42201827515046,-44.34412261216558,-1107.3761462012037,-354.7529808973246,-110737,-35475
107,535.0,-37.26886681669862,-176.4891962802248,-138.6970177507019,-44.92363813329951,-1109.576142005615,-359.3891050663961,-110957,-35938
108,540.0,-38.24543938492138,-176.88460271672633,-138.96080580043505,-45.49812402148773,-1111.6864464034804,-363.98499217190187,-111168,-36398
109,545.0,-39.20523623940631,-177.2901483304473,-139.21327123692043,-46.06730502256252,-1113.7061698953635,-368.5384401805002,-111370,-36853
110,550.0,-40.14783638153149,-177.70565523567817,-139.45431533398767,-46.63091512352157,-1115.6345226719013,-373.04732098817254,-111563,-37304
111,555.0,-41.072826355721325,-178.13094117735767,-139.68385172075017,-47.188697403516954,-1117.4708137660014,-377.50957922813564,-111747,-37750
112,560.0,-41.97980043080192,-178.5658196110159,-139.90180623885104,-47.740403868468526,-1119.2144499108083,-381.9232309477482,-111921,-38192
113,565.0,-42.86836077796819,-179.01009978459902,-140.1081167650866,-48.28579527163371,-1120.8649341206929,-386.2863621730697,-112086,-38628
114,570.0,-43.73811764528468,-179.46358682213935,-140.30273300170074,-48.82464092237127,-1122.421864013606,-390.5971273789702,-112242,-39059
115,575.0,-44.58868952864366,-179.92608180923426,-140.48561623675127,-49.356718485231355,-1123.8849298940102,-394.85374788185084,-112388,-39485
116,580.0,-45.419703339105375,-180.39738188029685,-140.65673907703066,-49.88181377139453,-1125.2539126162453,-399.05451017115627,-112525,-39905
117,585.0,-46.230794566547345,-180.8772803075393,-140.8160851560776,-50.39972052436785,-1126.5286812486208,-403.1977641949428,-112652,-40319
118,590.0,-47.02160743955039,-181.3655665916507,-140.96364881984226,-50.91024020172794,-1127.709190558738,-407.2819216138235,-112770,-40728
119,595.0,-47.79179508145177,-181.86202655412876,-141.0994347925757,-51.41318175458285,-1128.7954783406055,-411.3054540366628,-112879,-41130
120,600.0,-48.54101966249684,-182.3664424312258,-141.22345782549368,-51.90836140630448,-1129.7876626039495,-415.26689125043583,-112978,-41526
121,605.0,-49.26895254802224,-182.87859296946704,-141.33574233072767,-52.39560243196457,-1130.6859386458214,-419.16481945571655,-113068,-41916
122,610.0,-49.975274442605965,-183.3982535226997,-141.43632200302167,-52.87473493979132,-1131.4905760241734,-422.99787951833054,-113149,-42299
123,615.0,-50.65967553012091,-183.9251961506301,-141.52523943155893,-53.34559565584737,-1132.2019154524714,-426.76476524677895,-113220,-42676
124,620.0,-51.3218556096304,-184.4591897188061,-141.60254570421802,-53.808027713019825,-1132.8203656337441,-430.4642217041586,-113282,-43046
125,625.0,-51.961524227066306,-185.0,-141.66830000645973,-54.261880445303504,-1133.3464000516778,-434.09504356242803,-113334,-43409
126,630.0,-52.57840080263181,-185.54738977694853,-141.72256921693787,-54.70700918825558,-1133.780553735503,-437.65607350604466,-113378,-43765
127,635.0,-53.172214753872886,-186.10111894640414,-141.765427501811,-55.14327508639782,-1134.123420014488,-441.14620069118257,-113412,-44114
128,640.0,-53.74270561436476,-186.66094462445216,-141.79695590961182,-55.57054490824828,-1134.3756472768946,-444.56435926598624,-113437,-44456
129,645.0,-54.28962314796116,-187.22662125304782,-141.8172419684029,-55.98869086957208,-1134.5379357472232,-447.90952695657666,-113453,-44790
130,650.0,-54.81272745855605,-187.797900707726,-141.8263792868195,-56.39759046535343,-1134.611034294556,-451.18072372282745,-113461,-45118
131,655.0,-55.31178909531004,-188.3745324064369,-141.824467160471,-56.7971263109091,-1134.595737283768,-454.3770104872728,-113459,-45437
132,660.0,-55.78658915329508,-188.95626341945965,-141.81161018504025,-57.18718599248465,-1134.492881480322,-457.4974879398772,-113449,-45749
133,665.0,-56.23691936951349,-189.54283858034555,-141.78791787729514,-57.56766192760098,-1134.3033430183611,-460.54129542080784,-113430,-46054
134,670.0,-56.66258221424886,-190.1340005978425,-141.75350430509627,-57.93845123534795,-1134.0280344407702,-463.5076098827836,-113402,-46350
135,675.0,-57.06339097770921,-190.72949016875157,-141.70848772736554,-58.29945561675694,-1133.6679018189243,-466.3956449340555,-113366,-46639
136,680.0,-57.439169851924035,-191.32904609166584,-141.65299024485938,-58.6505812453203,-1133.223921958875,-469.2046499625624,-113322,-46920
137,685.0,-57.789754007859486,-191.93240538154203,-141.5871374624765,-58.99173866766839,-1132.697099699812,-471.93390934134715,-113269,-47193
138,690.0,-58.114989667717865,-192.53930338505435,-141.51105816372157,-59.322842714357456,-1132.0884653097726,-474.58274171485965,-113208,-47458
139,695.0,-58.414734172389615,-193.14947389668032,-141.42488399784258,-59.643812420671374,-1131.3990719827407,-477.150499365371,-113139,-47715
140,700.0,-58.688856044028334,-193.7626492754672,-141.32874918006104,-59.95457095728891,-1130.6299934404883,-479.63656765831126,-113062,-47963
141,705.0,-58.937235043721316,-194.37856056242825,-141.22279020522438,-60.255045570623054,-1129.782321641795,-482.04036456498443,-112978,-48204
142,710.0,-59.1597622242303,-194.99693759851692,-141.1071455751223,-60.54516753259394,-1128.8571646009784,-484.36134026075155,-112885,-48436
143,715.0,-59.3563399777793,-195.61750914312765,-140.981955539631,-60.82487209955622,-1127.855644317048,-486.59897679644973,-112785,-48659
144,720.0,-59.52688207886867,-196.24000299307087,-140.84736185177465,-61.09409848006182,-1126.7788948141972,-488.75278784049453,-112677,-48875
145,725.0,-59.6713137220964,-196.8641461019704,-140.70350753672733,-61.35278981110331,-1125.6280602938186,-490.82231848882645,-112562,-49082
146,730.0,-59.789571554970266,-197.48966470003052,-140.55053667471557,-61.60089314244701,-1124.4042933977246,-492.8071451395761,-112440,-49280
147,735.0,-59.88160370569629,-198.1162844141206,-140.38859419772706,-61.83835942863408,-1123.1087535818165,-494.7068754290726,-112310,-49470
148,740.0,-59.9473698059315,-198.743730388124,-140.21782569987954,-62.06514352819601,-1121.7426055990363,-496.5211482255681,-112174,-49652
149,745.0,-59.98684100849073,-199.37172740349928,-140.03837726125883,-62.2812042096037,-1120.3070180900706,-498.2496336768296,-112030,-49824
150,750.0,-60.0,-200.0,-139.8503952849947,-62.48650416344261,-1118.8031622799576,-499.8920333075409,-111880,-49989
151,755.0,-59.98684100849073,-200.6282725965007,-139.65402634730648,-62.68101002028239,-1117.2322107784519,-501.44808016225915,-111723,-50144
152,760.0,-59.9473698059315,-201.25626961187598,-139.44941706021993,-62.864692373688314,-1115.5953364817594,-502.9175389895065,-111559,-50291
153,765.0,-59.88160370569629,-201.8837155858794,-139.23671394662824,-63.0375258078009,-1113.893711573026,-504.3002064624072,-111389,-50430
154,770.0,-59.789571554970266,-202.51033529996946,-139.016063327347,-63.1994889288945,-1112.128506618776,-505.595911431156,-111212,-50559
155,775.0,-59.6713137220964,-203.1358538980296,-138.78761121979244,-63.35056440031004,-1110.3008897583395,-506.80451520248033,-111030,-50680
156,780.0,-59.526882078868674,-203.75999700692913,-138.55150324789534,-63.49073898014466,-1108.4120259831627,-507.9259118411573,-110841,-50792
157,785.0,-59.3563399777793,-204.38249085687235,-138.30788456284876,-63.62000356107261,-1106.46307650279,-508.96002848858086,-110646,-50896
158,790.0,-59.15976222423029,-205.00306240148308,-138.0568997742774,-63.738353211663984,-1104.4551981942193,-509.9068256933119,-110445,-50990
159,795.0,-58.937235043721316,-205.62143943757175,-137.79869289140603,-63.84578721856487,-1102.3895431312483,-510.766297748519,-110238,-51076
160,800.0,-58.68885604402834,-206.23735072453277,-137.5334072738001,-63.94230912890157,-1100.2672581904008,-511.53847303121256,-110026,-51153
161,805.0,-58.414734172389615,-206.85052610331965,-137.26118559124498,-64.02792679227352,-1098.0894847299598,-512.2234143381881,-109808,-51222
162,810.0,-58.11498966771787,-207.46069661494565,-136.9821697923311,-64.10265240170618,-1095.8573583386487,-512.8212192136494,-109585,-51282
163,815.0,-57.78975400785949,-208.06759461845797,-136.6965010813078,-64.16650253294296,-1093.5720086504623,-513.3320202635437,-109357,-51333
164,820.0,-57.43916985192405,-208.67095390833413,-136.4043199027731,-64.21949818146807,-1091.2345592221848,-513.7559854517446,-109123,-51375
165,825.0,-57.063390977709226,-209.2705098312484,-136.10576593376717,-64.261664796668,-1088.8461274701374,-514.093318373344,-108884,-51409
166,830.0,-56.66258221424885,-209.8659994021575,-135.80097808284145,-64.29303231255746,-1086.4078246627316,-514.3442585004597,-108640,-51434
167,835.0,-56.236919369513494,-210.45716141965445,-135.49009449568084,-64.31363517451878,-1083.9207559654467,-514.5090813961502,-108392,-51450
168,840.0,-55.78658915329509,-211.04373658054033,-135.1732525668612,-64.3235123615289,-1081.3860205348897,-514.5880988922312,-108138,-51458
169,845.0,-55.31178909531003,-211.6254675935631,-134.85058895733303,-64.32270740337641,-1078.8047116586642,-514.5816592270113,-107880,-51458
170,850.0,-54.812727458556054,-212.202099292274,-134.52223961722845,-64.31126839240385,-1076.1779169378276,-514.4901471392308,-107617,-51449
171,855.0,-54.289623147961166,-212.77337874695218,-134.18833981359765,-64.28924798934347,-1073.5067185087812,-514.3139839147477,-107350,-51431
172,860.0,-53.74270561436478,-213.33905537554782,-133.84902416269165,-64.25670342285412,-1070.7921933015332,-514.0536273828329,-107079,-51405
173,865.0,-53.17221475387289,-213.89888105359583,-133.5044266664148,-64.21369648240388,-1068.0354133313183,-513.709571859231,-106803,-51370
174,870.0,-52.57840080263182,-214.45261022305144,-133.15468075258445,-64.16029350418786,-1065.2374460206756,-513.2823480335029,-106523,-51328
175,875.0,-51.96152422706633,-215.0,-132.79991931864342,-64.09656534981161,-1062.3993545491473,-512.7725227984929,-106239,-51277
176,880.0,-51.321855609630425,-215.5408102811939,-132.44027477848257,-64.02258737751804,-1059.5221982278606,-512.1806990201443,-105952,-51218
177,885.0,-50.6596755301209,-216.0748038493699,-132.07587911204314,-63.93843940578084,-1056.6070328963451,-511.5075152462467,-105660,-51150
178,890.0,-49.97527444260596,-216.60174647730034,-131.70686391737794,-63.84420566913589,-1053.6549113390236,-510.7536453530871,-105365,-51075
179,895.0,-49.26895254802225,-217.12140703053294,-131.3333604648646,-63.73997476616872,-1050.6668837189168,-509.9197981293498,-105066,-50991
180,900.0,-48.54101966249685,-217.6335575687742,-130.95549975327364,-63.62583959962585,-1047.6439980261891,-509.0067167970068,-104764,-50900
181,905.0,-47.79179508145178,-218.13797344587124,-130.57341256740742,-63.50189730866394,-1044.5873005392593,-508.01517846931154,-104458,-50801
182,910.0,-47.021607439550394,-218.6344334083493,-130.18722953703613,-63.368249193298844,-1041.497836296289,-506.94599354639075,-104149,-50694
183,915.0,-46.23079456654735,-219.1227196924607,-129.79708119687,-63.22500063116258,-1038.37664957496,-505.80000504930064,-103837,-50580
184,920.0,-45.4197033391054,-219.60261811970315,-129.40309804731714,-63.07226098672069,-1035.2247843785372,-504.57808789376554,-103522,-50457
185,925.0,-44.58868952864367,-220.07391819076574,-129.00541061578747,-62.910143513145705,-1032.0432849262997,-503.28114810516564,-103204,-50328
186,930.0,-43.73811764528471,-220.53641317786065,-128.60414951831464,-62.73876524708397,-1028.8331961465171,-501.91012197667175,-102883,-50191
187,935.0,-42.8683607779682,-220.98990021540095,-128.1994455212776,-62.55824689659054,-1025.5955641702208,-500.4659751727243,-102559,-50046
188,940.0,-41.979800430801916,-221.4341803889841,-127.79142960301337,-62.36871272254448,-1022.331436824107,-498.94970178035584,-102233,-49894
189,945.0,-41.07282635572132,-221.86905882264236,-127.38023301512261,-62.17029041388912,-1019.0418641209809,-497.36232331111296,-101904,-49736
190,950.0,-40.14783638153149,-222.29434476432183,-126.96598734327861,-61.96311095707262,-1015.7278987462289,-495.704887656581,-101572,-49570
191,955.0,-39.20523623940633,-222.70985166955268,-126.54882456735767,-61.747308500091634,-1012.3905965388614,-493.9784680007331,-101239,-49397
192,960.0,-38.24543938492137,-223.1153972832737,-126.12887712071895,-61.5230202115635,-1009.0310169657516,-492.184161692508,-100903,-49218
193,965.0,-37.26886681669863,-223.5108037197752,-125.70627794846757,-61.29038613527515,-1005.6502235877406,-490.3230890822012,-100565,-49032
194,970.0,-36.27594689174252,-223.89589754072588,-125.28116056454196,-61.049549040671536,-1002.2492845163357,-488.3963923253723,-100224,-48839
195,975.0,-35.267115137548394,-224.27050983124843,-124.85365910747386,-60.80065426976208,-998.8292728597909,-486.4052341580966,-99882,-48640
196,980.0,-34.24281406106593,-224.63447627401112,-124.4239083946733,-60.543849580933035,-995.3912671573864,-484.3507966474643,-99539,-48435
197,985.0,-33.20349295460065,-224.98763722130298,-123.99204397509719,-60.27928499016087,-991.9363518007775,-482.23427992128694,-99193,-48223
198,990.0,-32.14960769873978,-225.32983776506046,-123.55820218016477,-60.00711261012631,-988.4656174413182,-480.0569008810105,-98846,-48005
199,995.0,-31.08162056238782,-225.6609278048152,-123.12252017278563,-59.72748648772814,-984.980161382285,-477.81989190182514,-98498,-47781
200,1000.0,-29.999999999999975,-225.98076211353316,-122.68513599437081,-59.440562440495746,-981.4810879549665,-475.52449952396597,-98148,-47552
201,1005.0,-28.905220446102916,-226.2892004013159,-122.2461886096997,-59.14649789239217,-977.9695088775976,-473.17198313913735,-97796,-47317
202,1010.0,-27.797762107191723,-226.58610737693644,-121.80581794951725,-58.84545170949479,-974.446543596138,-470.7636136759583,-97444,-47076
203,1015.0,-26.678110751095645,-226.87135280718238,-121.3641649507378,-58.53758403602838,-970.9133196059024,-468.300672288227,-97091,-46830
204,1020.0,-25.546757493904376,-227.14481157398058,-120.92137159413328,-58.22305613121545,-967.3709727530662,-465.7844490497236,-96737,-46578
205,1025.0,-24.404198584548055,-227.406363729278,-120.47758093938373,-57.90203020739421,-963.8206475150698,-463.2162416591537,-96382,-46321
206,1030.0,-23.250935187126192,-227.655894547655,-120.03293715736825,-57.574669269839134,-960.263497258946,-460.5973541587131,-96026,-46059
207,1035.0,-22.087473161080716,-227.89329457664752,-119.58758555957489,-57.241136958702675,-956.7006844765991,-457.9290956696214,-95670,-45792
208,1040.0,-20.914322839308927,-228.11845968475674,-119.14167262450567,-56.90159739347837,-953.1333809960454,-455.21277914782695,-95313,-45521
209,1045.0,-19.73199880431498,-228.33129110712443,-118.69534602095483,-56.556215020366565,-949.5627681676386,-452.4497201629325,-94956,-45244
210,1050.0,-18.541019662496854,-228.5316954888546,-118.24875462803371,-56.20515446290444,-945.9900370242697,-449.6412357032355,-94599,-44964
211,1055.0,-17.34190781666828,-228.719584925962,-117.80204855181717,-55.84858037620161,-942.4163884145373,-446.7886430096129,-94241,-44678
212,1060.0,-16.13518923691595,-228.89487700392974,-117.35537913848285,-55.486657305101666,-938.8430331078628,-443.8932584408133,-93884,-44389
213,1065.0,-14.921393229891319,-229.05749483385893,-116.90889898381396,-55.119549546569125,-935.2711918705116,-440.956396372553,-93527,-44095
214,1070.0,-13.701052206639348,-229.2073670861948,-116.46276193893374,-54.747421016580375,-931.7020955114699,-437.979368132643,-93170,-43797
215,1075.0,-12.474701449065588,-229.34442802201417,-116.01712311213858,-54.37043512177639,-928.1369848971086,-434.9634809742111,-92813,-43496
216,1080.0,-11.242878875143477,-229.46861752186066,-115.57213886669456,-53.98875463611334,-924.5771109335565,-431.91003708890673,-92457,-43191
217,1085.0,-10.006124802966161,-229.57988111211515,-115.12796681446109,-53.60254158272824,-921.0237345156887,-428.82033266182594,-92102,-42882
218,1090.0,-8.764981713744746,-229.67816998888964,-114.68476580520407,-53.2119571212156,-917.4781264416325,-425.6956569697248,-91747,-42569
219,1095.0,-7.5199940138582235,-229.76344103943433,-114.24269591145993,-52.81716144049195,-913.9415672916795,-422.5372915239356,-91394,-42253
220,1100.0,-6.271707796059202,-229.8356568610482,-113.80191840881228,-52.418313657406195,-910.4153472704983,-419.34650925924956,-91041,-41934
221,1105.0,-5.020670599938947,-229.89478577748514,-113.3625957514416,-52.01557172123513,-906.9007660115328,-416.12457376988107,-90690,-41612
222,1110.0,-3.7674311717587923,-229.94080185284815,-112.92489154281168,-51.60909232418582,-903.3991323424934,-412.8727385934866,-90339,-41287
223,1115.0,-2.5125392237519923,-229.97368490296574,-112.48897050135582,-51.19903081800973,-899.9117640108466,-409.59224654407785,-89991,-40959
224,1120.0,-1.2565451930014038,-229.99342050424536,-112.05499842103012,-50.785541136815944,-896.439987368241,-406.28432909452755,-89643,-40628
225,1125.0,-1.1021821192326178e-14,-230.0,-111.62314212660445,-50.36877572615662,-892.9851370128356,-402.95020580925296,-89298,-40295
226,1130.0,1.2565451930013816,-229.99342050424536,-111.19356942356617,-49.948885478441426,-889.5485553885294,-399.5910838275314,-88954,-39959
227,1135.0,2.51253922375197,-229.97368490296574,-110.76644904251829,-49.52601967472325,-886.1315923401463,-396.208157397786,-88613,-39620
228,1140.0,3.76743117175877,-229.94080185284815,-110.34195057796191,-49.10032593288489,-882.7356046236953,-392.80260746307914,-88273,-39280
229,1145.0,5.020670599938873,-229.89478577748514,-109.92024442136014,-48.671950162240826,-879.3619553708811,-389.3756012979266,-87936,-38937
230,1150.0,6.271707796059232,-229.8356568610482,-109.50150168839387,-48.24103652455795,-876.012013507151,-385.9282921964636,-87601,-38592
231,1155.0,7.519994013858254,-229.76344103943433,-109.08589414033102,-47.807727401484975,-872.6871531226482,-382.4618192118798,-87268,-38246
232,1160.0,8.764981713744673,-229.67816998888964,-108.67359409944497,-47.37216336836932,-869.3887527955598,-378.97730694695457,-86938,-37897
233,1165.0,10.006124802966138,-229.57988111211515,-108.26477435843596,-46.93448317442913,-866.1181948674877,-375.47586539543306,-86611,-37547
234,1170.0,11.242878875143456,-229.46861752186066,-107.85960808382646,-46.49482372923707,-862.8768646706117,-371.95858983389655,-86287,-37195
235,1175.0,12.474701449065565,-229.34442802201417,-107.45826871332252,-46.0533200954615,-859.6661497065802,-368.426560763692,-85966,-36842
236,1180.0,13.701052206639327,-229.2073670861948,-107.06092984715593,-45.610105487802066,-856.4874387772475,-364.88084390241653,-85648,-36488
237,1185.0,14.921393229891244,-229.05749483385893,-106.66776513344732,-45.165311278045046,-853.3421210675785,-361.32249022436037,-85334,-36132
238,1190.0,16.135189236915927,-228.89487700392974,-106.27894814765706,-44.719067006156315,-850.2315851812565,-357.7525360492505,-85023,-35775
239,1195.0,17.341907816668257,-228.719584925962,-105.8946522662199,-44.271500397319215,-847.1572181297591,-354.1720031785537,-84715,-35417
240,1200.0,18.541019662496833,-228.5316954888546,-105.51505053449111,-43.82273738481635,-844.1204042759289,-350.5818990785308,-84412,-35058
241,1205.0,19.731998804315012,-228.33129110712443,-105.14031552916467,-43.372902138646175,-841.1225242333173,-346.9832171091694,-84112,-34698
242,1210.0,20.914322839308905,-228.11845968475674,-104.77061921535943,-42.922117099755944,-838.1649537228755,-343.37693679804755,-83816,-34337
243,1215.0,22.087473161080695,-227.89329457664755,-104.40613279860494,-42.4705030197653,-835.2490623888395,-339.7640241581224,-83524,-33976
244,1220.0,23.250935187126174,-227.655894547655,-104.04702657199815,-42.018179006046964,-832.3762125759852,-336.1454320483757,-83237,-33614
245,1225.0,24.404198584547984,-227.40636372927804,-103.69346975883887,-41.565262572022434,-829.547758070711,-332.52210057617947,-82954,-33252
246,1230.0,25.546757493904355,-227.14481157398058,-103.34563035109474,-41.11186969252474,-826.7650428087579,-328.89495754019794,-82676,-32889
247,1235.0,26.678110751095623,-226.8713528071824,-103.00367494408363,-40.65811486407202,-824.029399552669,-325.26491891257615,-82402,-32526
248,1240.0,27.79776210719171,-226.58610737693644,-102.66776856780403,-40.20411116988911,-821.3421485424323,-321.6328893591129,-82134,-32163
249,1245.0,28.905220446102895,-226.28920040131592,-102.3380745153832,-39.74997034950854,-818.7045961230656,-317.9997627960683,-81870,-31799
250,1250.0,29.99999999999996,-225.98076211353316,-102.01475416915109,-39.29580287277432,-816.1180333532087,-314.36642298219454,-81611,-31436
251,1255.0,31.081620562387844,-225.6609278048152,-101.6979668248873,-38.841718018068285,-813.5837345990984,-310.7337441445463,-81358,-31073
252,1260.0,32.14960769873981,-225.32983776506046,-101.38786951482375,-38.38782395457086,-811.10295611859,-307.1025916365669,-81110,-30710
253,1265.0,33.203492954600634,-224.98763722130298,-101.08461683001802,-37.934227828363824,-808.6769346401442,-303.4738226269106,-80867,-30347
254,1270.0,34.24281406106591,-224.63447627401112,-100.7883607427458,-37.481035852177385,-806.3068859419664,-299.8482868174191,-80630,-29984
255,1275.0,35.26711513754837,-224.27050983124843,-100.49925042958517,-37.02835339857955,-803.9940034366814,-296.2268271886364,-80399,-29622
256,1280.0,36.275946891742464,-223.8958975407259,-100.21743209589133,-36.57628509640014,-801.7394567671306,-292.61028077120113,-80173,-29261
257,1285.0,37.26886681669862,-223.5108037197752,-99.94304880237736,-36.12493493017973,-799.5443904190189,-288.9994794414378,-79954,-28899
258,1290.0,38.245439384921355,-223.1153972832737,-99.67624029453196,-35.67440634242788,-797.4099223562557,-285.39525073942303,-79740,-28539
259,1295.0,39.205236239406325,-222.7098516695527,-99.41714283561343,-35.224802338473516,-795.3371426849075,-281.79841870778813,-79533,-28179
260,1300.0,40.14783638153147,-222.29434476432183,-99.16588904396193,-34.776225593686824,-793.3271123516954,-278.2098047494946,-79332,-27820
261,1305.0,41.072826355721276,-221.86905882264236,-98.92260773536931,-34.3287785628486,-791.3808618829545,-274.6302285027888,-79138,-27463
262,1310.0,41.979800430801944,-221.4341803889841,-98.68742377123685,-33.88256359144207,-789.4993901698948,-271.0605087315366,-78949,-27106
263,1315.0,42.8683607779682,-220.98990021540095,-98.46045791323482,-33.437683028639356,-787.6836633058786,-267.50146422911484,-78768,-26750
264,1320.0,43.738117645284674,-220.53641317786068,-98.24182668515654,-32.99423934175327,-785.9346134812523,-263.95391473402617,-78593,-26395
265,1325.0,44.588689528643656,-220.07391819076574,-98.03164224262987,-32.55233523192422,-784.253137941039,-260.41868185539374,-78425,-26041
266,1330.0,45.41970333910537,-219.60261811970318,-97.83001225131558,-32.11207375081076,-782.6400980105246,-256.89659000648606,-78264,-25689
267,1335.0,46.23079456654736,-219.1227196924607,-97.63703977417839,-31.673558418050778,-781.0963181934271,-253.38846734440622,-78109,-25338
268,1340.0,47.02160743955038,-218.6344334083493,-97.45282316837212,-31.236893339261492,-779.622585346977,-249.89514671409194,-77962,-24989
269,1345.0,47.79179508145175,-218.13797344587127,-97.27745599222462,-30.802183324343467,-778.2196479377969,-246.41746659474774,-77821,-24641
270,1350.0,48.54101966249684,-217.6335575687742,-97.11102692275337,-30.369534005856238,-776.8882153820269,-242.9562720468499,-77688,-24295
271,1355.0,49.26895254802222,-217.12140703053296,-96.95361968407732,-29.93905195723066,-775.6289574726186,-239.51241565784528,-77562,-23951
272,1360.0,49.975274442605965,-216.60174647730034,-96.80531298702648,-29.510844810583954,-774.4425038962119,-236.08675848467163,-77444,-23608
273,1365.0,50.659675530120914,-216.07480384936989,-96.66618048018047,-29.085021373903086,-773.3294438414438,-232.68017099122468,-77332,-23268
274,1370.0,51.3218556096304,-215.5408102811939,-96.53629071249429,-28.661691747361317,-772.2903256999543,-229.29353397889054,-77229,-22929
275,1375.0,51.96152422706633,-215.0,-96.4157071075982,-28.240967438532493,-771.3256568607856,-225.92773950825995,-77132,-22592
276,1380.0,52.57840080263181,-214.45261022305147,-96.3044879497812,-27.822961476266606,-770.4359035982496,-222.58369181013285,-77043,-22258
277,1385.0,53.17221475387287,-213.89888105359586,-96.20268638159527,-27.407788522989488,-769.6214910527622,-219.2623081839159,-76962,-21926
278,1390.0,53.74270561436477,-213.33905537554782,-96.11035041294144,-26.99556498518752,-768.8828033035315,-215.96451988150017,-76888,-21596
279,1395.0,54.28962314796116,-212.77337874695218,-96.02752294142871,-26.586409121836343,-768.2201835314297,-212.69127297469075,-76822,-21269
280,1400.0,54.81272745855603,-212.20209929227403,-95.95424178372335,-26.180441150530456,-767.6339342697868,-209.44352920424365,-76763,-20944
281,1405.0,55.311789095310026,-211.6254675935631,-95.89053971754257,-25.77778335106715,-767.1243177403405,-206.2222668085372,-76712,-20622
282,1410.0,55.78658915329507,-211.04373658054035,-95.83644453387913,-25.37856016623483,-766.691556271033,-203.02848132987864,-76669,-20302
283,1415.0,56.23691936951349,-210.45716141965445,-95.79197909898731,-24.982898299550467,-766.3358327918985,-199.86318639640373,-76633,-19986
284,1420.0,56.662582214248864,-209.86599940215748,-95.75716142560383,-24.590926809686838,-766.0572914048306,-196.7274144774947,-76605,-19672
285,1425.0,57.06339097770921,-209.27050983124843,-95.73200475282856,-24.202777201322828,-765.8560380226285,-193.62221761058262,-76585,-19362
286,1430.0,57.43916985192404,-208.67095390833413,-95.71651763404635,-23.818583512143505,-765.7321410723708,-190.54866809714804,-76573,-19054
287,1435.0,57.789754007859486,-208.06759461845797,-95.71070403223243,-23.438482395708654,-765.6856322578594,-187.50785916566923,-76568,-18750
288,1440.0,58.11498966771786,-207.46069661494565,-95.71456342195172,-23.062613199898127,-765.7165073756138,-184.50090559918502,-76571,-18450
289,1445.0,58.414734172389615,-206.85052610331968,-95.72809089733747,-22.69111804063352,-765.8247271786997,-181.52894432506815,-76582,-18152
290,1450.0,58.688856044028334,-206.2373507245328,-95.75127728531285,-22.324141870563032,-766.0102182825028,-178.59313496450426,-76601,-17859
291,1455.0,58.93723504372132,-205.62143943757175,-95.78410926330638,-21.961832542383505,-766.272874106451,-175.69466033906804,-76627,-17569
292,1460.0,59.15976222423029,-205.00306240148308,-95.82656948070363,-21.604340866461108,-766.612555845629,-172.83472693168886,-76661,-17283
293,1465.0,59.35633997777929,-204.38249085687238,-95.87863668327464,-21.25182066239484,-767.0290934661971,-170.01456529915873,-76702,-17001
294,1470.0,59.526882078868674,-203.75999700692913,-95.94028583981964,-20.904428804152527,-767.5222867185571,-167.23543043322022,-76752,-16723
295,1475.0,59.6713137220964,-203.1358538980296,-96.0114882702834,-20.562325258390743,-768.0919061622672,-164.49860206712594,-76809,-16449
296,1480.0,59.78957155497026,-202.51033529996948,-96.0922117746002,-20.225673115550595,-768.7376941968016,-161.80538492440476,-76873,-16180
297,1485.0,59.88160370569629,-201.8837155858794,-96.18242076154903,-19.89463861330288,-769.4593660923922,-159.15710890642305,-76945,-15915
298,1490.0,59.9473698059315,-201.256269611876,-96.28207637691756,-19.569391151894866,-770.2566110153405,-156.55512921515893,-77025,-15655
299,1495.0,59.98684100849073,-200.6282725965007,-96.3911366302984,-19.250103300928075,-771.1290930423872,-154.0008264074246,-77112,-15400
